Date,Open Price,High Price,Low Price,Close Price,WAP,No.of Shares,No. of Trades,Total Turnover (Rs.),Deliverable Quantity,% Deli. Qty to Traded Qty,Spread High-Low,Spread Close-Open
1-August-2024,1214.95,1222.35,1206.10,1210.50,1215.038830083012273106,201416,5173,244728261.00,130960,65.02,16.25,-4.45
31-July-2024,1219.90,1224.00,1211.40,1214.80,1216.509122628074898351,358833,9186,436523618.00,186267,51.91,12.60,-5.10
30-July-2024,1212.05,1230.50,1204.65,1210.40,1218.862574761476636826,441571,12719,538214366.00,236017,53.45,25.85,-1.65
29-July-2024,1220.00,1242.45,1204.00,1214.15,1218.073317560847734060,3959638,54697,4823129395.00,679084,17.15,38.45,-5.85
26-July-2024,1197.95,1218.00,1186.00,1207.70,1202.640988127949901205,779899,17854,937938504.00,322168,41.31,32.00,9.75
25-July-2024,1203.10,1218.60,1190.55,1198.00,1201.083186918085856978,144566,7447,173635792.00,54469,37.68,28.05,-5.10
24-July-2024,1227.75,1233.55,1202.25,1222.65,1216.258913372046774321,251420,9099,305791816.00,122173,48.59,31.30,-5.10
23-July-2024,1242.20,1248.45,1212.65,1227.80,1231.707703554877316217,391209,19304,481855139.00,192981,49.33,35.80,-14.40
22-July-2024,1243.85,1245.00,1232.80,1241.55,1240.924948492948303899,1142562,23952,1417833691.00,286723,25.09,12.20,-2.30
19-July-2024,1245.95,1250.85,1240.15,1248.25,1246.870462896816060436,467534,14783,582954335.00,75046,16.05,10.70,2.30
18-July-2024,1229.25,1256.00,1229.25,1249.75,1244.956750857752539407,369279,13094,459736384.00,179514,48.61,26.75,20.50
16-July-2024,1228.15,1244.75,1228.15,1240.20,1240.984684264595522072,1372510,5769,1703263889.00,1295169,94.36,16.60,12.05
15-July-2024,1232.90,1238.50,1224.50,1230.25,1232.268708286435716526,1909301,35097,2352771877.00,759634,39.79,14.00,-2.65
12-July-2024,1237.00,1253.30,1230.00,1232.95,1239.627391875149847010,946799,27411,1173677975.00,196904,20.80,23.30,-4.05
11-July-2024,1245.05,1257.65,1225.05,1239.90,1237.400839404871377708,212055,8976,262397035.00,77229,36.42,32.60,-5.15
10-July-2024,1251.00,1251.05,1236.50,1243.50,1243.714750873591867653,163692,7200,203586155.00,96020,58.66,14.55,-7.50
9-July-2024,1236.35,1250.00,1229.65,1248.20,1242.281545741324921135,67204,2852,83486289.00,28553,42.49,20.35,11.85
8-July-2024,1228.10,1239.30,1216.80,1234.55,1233.839536110983759592,1025159,22773,1264881705.00,126601,12.35,22.50,6.45
5-July-2024,1227.00,1242.30,1221.00,1233.45,1230.519050296613498860,814528,28936,1002292221.00,135692,16.66,21.30,6.45
4-July-2024,1230.00,1234.30,1214.90,1233.10,1225.770084637854842333,200265,13840,245478846.00,95294,47.58,19.40,3.10
3-July-2024,1195.55,1215.50,1181.00,1201.25,1202.758806273946360153,167040,6774,200908831.00,49105,29.40,34.50,5.70
2-July-2024,1218.00,1218.00,1185.55,1190.40,1195.811685990821622085,209841,11430,250930320.00,91070,43.40,32.45,-27.60
1-July-2024,1198.30,1215.60,1191.80,1212.15,1209.358770736336563063,1525824,45353,1845268637.00,180314,11.82,23.80,13.85
28-June-2024,1225.00,1227.00,1196.20,1199.80,1204.451300109282034380,691788,24396,833224956.00,110737,16.01,30.80,-25.20
27-June-2024,1222.30,1234.90,1211.00,1219.35,1223.941421265055095242,374624,12140,458517831.00,163627,43.68,23.90,-2.95
26-June-2024,1202.65,1222.50,1193.90,1218.25,1210.985634839790608862,508522,15655,615812837.00,214221,42.13,28.60,15.60
25-June-2024,1164.40,1207.00,1164.40,1199.05,1176.793017909065310378,969509,9931,1140911422.00,149328,15.40,42.60,34.65
24-June-2024,1154.10,1175.70,1154.05,1170.00,1168.249813868694860350,2143648,50114,2504316377.00,541765,25.27,21.65,15.90
21-June-2024,1157.25,1169.30,1150.20,1158.05,1157.564637448080645631,1542055,43563,1785028337.00,417602,27.08,19.10,0.80
20-June-2024,1150.05,1159.75,1135.45,1156.80,1147.197850845884264114,340413,10555,390521062.00,185493,54.49,24.30,6.75
19-June-2024,1129.95,1165.30,1126.10,1144.75,1145.298959993342367508,805091,26627,922069885.00,448503,55.71,39.20,14.80
18-June-2024,1112.25,1129.95,1101.00,1123.05,1115.375408315706277668,437774,18625,488282354.00,313088,71.52,28.95,10.80
14-June-2024,1112.35,1112.90,1099.55,1105.85,1106.323755449583540079,1056044,31128,1168326564.00,238797,22.61,13.35,-6.50
13-June-2024,1123.00,1123.00,1105.10,1107.35,1113.981994595122586526,276417,9654,307923561.00,116796,42.25,17.90,-15.65
12-June-2024,1117.70,1133.35,1111.95,1119.65,1123.065548809214220835,265329,8996,297981859.00,125116,47.16,21.40,1.95
11-June-2024,1121.95,1129.00,1111.05,1118.55,1120.417346019400642147,322979,11275,361871274.00,183234,56.73,17.95,-3.40
10-June-2024,1119.95,1133.00,1115.75,1124.05,1125.404920743167342892,1105646,31367,1244299449.00,178635,16.16,17.25,4.10
7-June-2024,1102.15,1128.60,1102.15,1121.90,1122.418308003540898788,1207603,30660,1355435716.00,232291,19.24,26.45,19.75
6-June-2024,1116.75,1117.90,1097.00,1110.70,1109.308504182740236660,276852,10063,307114278.00,134988,48.76,20.90,-6.05
5-June-2024,1089.65,1123.20,1051.50,1108.70,1087.745048092411063555,434580,21722,472712243.00,151771,34.92,71.70,19.05
4-June-2024,1157.95,1158.55,1054.10,1073.20,1096.717453503749243820,1137296,54403,1247292373.00,380696,33.47,104.45,-84.75
3-June-2024,1161.25,1171.55,1136.00,1160.30,1152.807751526229939166,2601836,40142,2999416709.00,307071,11.80,35.55,-0.95
31-May-2024,1119.25,1130.40,1111.50,1119.65,1120.534596814590620294,1375459,41339,1541249396.00,541049,39.34,18.90,0.40
30-May-2024,1100.75,1120.60,1097.65,1114.85,1112.941143461021725595,244136,10303,271708999.00,134150,54.95,22.95,14.10
29-May-2024,1111.05,1123.35,1098.70,1102.25,1108.004670761775208297,188192,7788,208517615.00,129991,69.07,24.65,-8.80
28-May-2024,1131.75,1134.95,1125.00,1126.90,1129.235759106837258577,122710,4728,138568520.00,71410,58.19,9.95,-4.85
27-May-2024,1131.20,1147.90,1122.00,1130.10,1134.902732958488565051,946703,17481,1074415822.00,335211,35.41,25.90,-1.10
24-May-2024,1130.00,1134.80,1124.10,1131.25,1128.812999766191255552,470470,13357,531072652.00,84882,18.04,10.70,1.25
23-May-2024,1115.00,1137.00,1111.15,1134.80,1127.966287063039470737,290215,10352,327352736.00,131012,45.14,25.85,19.80
22-May-2024,1122.15,1124.80,1098.45,1112.65,1111.427097884829756310,141738,3845,157531454.00,74462,52.53,26.35,-9.50
21-May-2024,1120.25,1133.20,1119.00,1120.65,1124.206049511129602662,120175,2737,135101462.00,79094,65.82,14.20,0.40
18-May-2024,1130.00,1132.40,1125.40,1130.15,1129.264412207987942727,10616,581,11988271.00,7011,66.04,7.00,0.15
17-May-2024,1131.65,1141.90,1121.00,1130.45,1129.591785209311941634,570751,12444,644715641.00,90311,15.82,20.90,-1.20
16-May-2024,1132.10,1136.50,1112.80,1131.20,1122.338370797763940720,194807,8615,218639371.00,79415,40.77,23.70,-0.90
15-May-2024,1120.65,1127.40,1113.80,1124.60,1118.307446692256205007,292828,16440,327471733.00,220879,75.43,13.60,3.95
14-May-2024,1124.10,1127.85,1118.75,1120.80,1121.625054146185283537,212388,4155,238219702.00,166970,78.62,9.10,-3.30
13-May-2024,1111.40,1130.50,1107.00,1127.55,1125.378946618484640989,757959,19510,852991101.00,61205,8.07,23.50,16.15
10-May-2024,1117.40,1128.85,1112.45,1116.70,1117.428502274965992776,532975,11754,595561456.00,154369,28.96,16.40,-0.70
9-May-2024,1120.00,1128.75,1110.20,1115.55,1116.269010086368303436,115899,8750,129374462.00,54334,46.88,18.55,-4.45
8-May-2024,1125.40,1132.15,1116.40,1123.00,1122.371884467784286002,74265,6388,83352948.00,25272,34.03,15.75,-2.40
7-May-2024,1146.80,1152.90,1126.65,1131.75,1132.544813203101246579,210496,10576,238396153.00,134050,63.68,26.25,-15.05
6-May-2024,1142.15,1158.75,1140.00,1148.80,1145.998138300493824726,811624,9091,930119593.00,502790,61.95,18.75,6.65
3-May-2024,1144.85,1157.55,1135.50,1142.00,1142.461763630497903000,464950,16546,531187597.00,120849,25.99,22.05,-2.85
2-May-2024,1144.00,1155.50,1133.40,1139.90,1142.537512042142373993,243935,10500,278704888.00,113318,46.45,22.10,-4.10
30-April-2024,1160.00,1169.30,1147.00,1152.05,1159.969600722229061512,243690,7686,282672992.00,88459,36.30,22.30,-7.95
29-April-2024,1109.35,1163.25,1109.00,1158.80,1146.366208116291952018,805146,16986,922992167.00,239955,29.80,54.25,49.45
26-April-2024,1112.15,1116.45,1102.65,1107.15,1107.632697761098571094,508151,12239,562844663.00,74146,14.59,13.80,-5.00
25-April-2024,1091.00,1125.00,1090.90,1113.05,1108.796546416234475944,524267,16136,581305439.00,258440,49.30,34.10,22.05
24-April-2024,1091.60,1098.20,1088.80,1096.85,1095.235309466303598787,149467,5627,163701536.00,79830,53.41,9.40,5.25
23-April-2024,1098.45,1098.45,1082.80,1090.25,1089.756982951067583624,444368,13855,484253131.00,362998,81.69,15.65,-8.20
22-April-2024,1078.50,1088.75,1071.15,1087.05,1083.717054400441554806,764571,15202,828578632.00,415032,54.28,17.60,8.55
19-April-2024,1053.40,1071.00,1048.35,1066.40,1062.472506984517885865,890899,21854,946555694.00,305142,34.25,22.65,13.00
18-April-2024,1073.20,1077.55,1050.60,1055.45,1062.298684608220645728,406951,10754,432303512.00,264626,65.03,26.95,-17.75
16-April-2024,1070.00,1073.90,1062.80,1067.55,1067.233308360045962566,455153,15848,485754442.00,353214,77.60,11.10,-2.45
15-April-2024,1096.05,1105.95,1076.65,1078.80,1081.862390655882986069,715402,15214,773966518.00,423668,59.22,29.30,-17.25
12-April-2024,1102.75,1111.75,1096.00,1104.15,1102.426981576802863538,775544,21271,854980631.00,137464,17.72,15.75,1.40
10-April-2024,1108.80,1116.45,1105.10,1109.45,1110.769087055773845318,171281,7257,190253640.00,77738,45.39,11.35,0.65
9-April-2024,1093.75,1115.05,1089.00,1107.20,1107.629975311615583789,166070,4609,183944110.00,70525,42.47,26.05,13.45
8-April-2024,1081.95,1091.25,1078.35,1086.85,1086.628095969874430646,288924,7064,313952936.00,123711,42.82,12.90,4.90
5-April-2024,1072.00,1086.40,1068.20,1082.35,1077.166388544297022096,317606,10066,342114508.00,47285,14.89,18.20,10.35
4-April-2024,1085.55,1085.55,1063.25,1076.85,1075.779032204898308995,303370,6460,326359085.00,223040,73.52,22.30,-8.70
3-April-2024,1076.85,1083.10,1073.50,1077.10,1078.556023097443157611,152571,7182,164556371.00,64734,42.43,9.60,0.25
2-April-2024,1095.00,1095.00,1079.50,1081.30,1083.482600577151587166,129602,3700,140421512.00,64021,49.40,15.50,-13.70
1-April-2024,1097.00,1102.55,1094.85,1099.25,1098.594933482687878368,317812,9356,349146653.00,218893,68.87,7.70,2.25
28-March-2024,1084.00,1105.10,1084.00,1095.85,1097.418520273661448978,1356859,16700,1489042196.00,906790,66.83,21.10,11.85
27-March-2024,1088.95,1092.00,1079.30,1084.00,1086.913462594039585418,619420,17977,673255937.00,501004,80.88,12.70,-4.95
26-March-2024,1084.10,1088.40,1076.85,1084.05,1083.882171047471460793,420737,10276,456029333.00,324070,77.02,11.55,-0.05
22-March-2024,1077.35,1093.50,1077.35,1090.10,1090.251709109806245115,1016026,21409,1107724083.00,332751,32.75,16.15,12.75
21-March-2024,1090.15,1097.40,1079.15,1082.20,1087.956751341507436595,246551,7094,268236825.00,146982,59.62,18.25,-7.95
20-March-2024,1079.00,1089.60,1067.70,1084.85,1080.894434815600451837,231942,6836,250704817.00,118156,50.94,21.90,5.85
19-March-2024,1079.95,1088.60,1076.65,1084.05,1083.903234269010231233,293513,7845,318139690.00,168251,57.32,11.95,4.10
18-March-2024,1074.35,1084.45,1060.20,1081.20,1076.955486525940383008,439103,10427,472894385.00,251606,57.30,24.25,6.85
15-March-2024,1074.85,1085.55,1070.05,1078.60,1079.268060983232328722,919925,17792,992845671.00,464897,50.54,15.50,3.75
14-March-2024,1072.05,1097.20,1072.05,1083.50,1089.307265746634194932,254991,7325,277763549.00,184789,72.47,25.15,11.45
13-March-2024,1075.45,1089.50,1073.15,1083.35,1084.121504576005173966,358719,14359,388894982.00,202635,56.49,16.35,7.90
12-March-2024,1077.00,1094.35,1056.00,1076.95,1079.519224826374770261,122966,5491,132744161.00,30173,24.54,38.35,-0.05
11-March-2024,1089.35,1089.35,1076.50,1077.95,1079.611859904569826356,121974,3589,131684577.00,62151,50.95,12.85,-11.40
7-March-2024,1096.65,1096.65,1082.95,1087.85,1088.077382156086156638,405494,9990,441208850.00,48011,11.84,13.70,-8.80
6-March-2024,1080.35,1113.35,1080.35,1096.80,1092.905420860018298261,996816,11669,1089425610.00,812748,81.53,33.00,16.45
5-March-2024,1085.20,1099.35,1077.00,1088.10,1090.965866308856841257,8110081,5033,8847821544.00,8042645,99.17,22.35,2.90
4-March-2024,1080.35,1095.35,1080.35,1091.80,1091.210670607153722456,575225,13477,627691658.00,242081,42.08,15.00,11.45
2-March-2024,1085.75,1089.30,1076.90,1083.45,1083.499957933703516742,47544,1070,51513922.00,11698,24.60,12.40,-2.30
1-March-2024,1055.00,1089.50,1055.00,1086.90,1080.859480731784198166,732839,25092,792095981.00,288681,39.39,34.50,31.90
29-February-2024,1041.35,1060.50,1038.80,1053.45,1051.106442376154449014,195223,5390,205200153.00,72000,36.88,21.70,12.10
28-February-2024,1059.85,1064.10,1042.25,1046.15,1052.627453115446146629,119389,7372,125672139.00,57622,48.26,21.85,-13.70
27-February-2024,1053.75,1066.00,1046.45,1060.35,1056.613741584844892755,178844,6801,188969028.00,99079,55.40,19.55,6.60
26-February-2024,1055.00,1062.10,1051.20,1054.25,1055.200667434108931343,249313,6049,263075244.00,40502,16.25,10.90,-0.75
23-February-2024,1069.00,1069.75,1057.85,1061.20,1063.442863178024773396,665149,18490,707347957.00,153080,23.01,11.90,-7.80
22-February-2024,1055.00,1065.75,1041.00,1063.65,1054.968602995123214362,92684,3376,97778710.00,35309,38.10,24.75,8.65
21-February-2024,1056.45,1063.85,1045.00,1050.05,1057.309808573516230279,338041,10885,357414065.00,179496,53.10,18.85,-6.40
20-February-2024,1044.50,1052.25,1033.20,1048.80,1046.744348065537656615,145260,4245,152050084.00,74710,51.43,19.05,4.30
19-February-2024,1023.00,1045.95,1023.00,1043.55,1039.686837434870500251,210734,5315,219097366.00,75127,35.65,22.95,20.55
16-February-2024,1023.80,1026.20,1017.05,1022.80,1021.816384912910341175,709958,15876,725446717.00,163683,23.06,9.15,-1.00
15-February-2024,1023.00,1024.65,1006.75,1017.15,1015.078217086330135261,224823,6446,228212930.00,99894,44.43,17.90,-5.85
14-February-2024,1010.30,1035.40,1007.80,1021.75,1023.903814693634741225,322752,12005,330467004.00,174713,54.13,27.60,11.45
13-February-2024,1004.75,1027.05,1001.00,1020.10,1017.019464787030067959,182021,7065,185118900.00,63913,35.11,26.05,15.35
12-February-2024,1011.70,1011.70,985.15,995.65,997.629265735724352079,551341,17177,550033917.00,134245,24.35,26.55,-16.05
9-February-2024,989.95,1013.90,985.85,1010.75,1006.493835824128221789,1038825,26023,1045570959.00,303896,29.25,28.05,20.80
8-February-2024,1023.05,1028.30,985.45,989.60,999.149467349145263603,396789,20170,396451518.00,207135,52.20,42.85,-33.45
7-February-2024,1030.80,1031.75,1013.20,1023.75,1020.714541269736102989,347143,8479,354333908.00,270608,77.95,18.55,-7.05
6-February-2024,1023.85,1034.75,1016.80,1026.15,1028.325055708194437662,389081,8410,400101741.00,228860,58.82,17.95,2.30
5-February-2024,1021.65,1026.65,1012.30,1023.80,1021.242892175603182993,902421,22695,921591032.00,470504,52.14,14.35,2.15
2-February-2024,1032.15,1050.00,1022.00,1024.75,1038.105633330712473774,1208255,31033,1254296322.00,272988,22.59,28.00,-7.40
1-February-2024,1030.30,1033.00,1017.45,1025.60,1027.555311413965294333,337236,9942,346528643.00,246708,73.16,15.55,-4.70
31-January-2024,1016.90,1038.95,1003.30,1027.90,1026.732899774565926072,242643,5438,249129551.00,117851,48.57,35.65,11.00
30-January-2024,1016.95,1023.70,1008.00,1016.30,1015.789197178756893049,379549,14447,385541774.00,237522,62.58,15.70,-0.65
29-January-2024,1020.00,1032.10,1010.10,1017.35,1019.220580173808922440,534495,13494,544768304.00,161590,30.23,22.00,-2.65
25-January-2024,999.50,1014.95,988.15,1009.90,1000.155974670108775836,1362343,25916,1362555491.00,553183,40.61,26.80,10.40
24-January-2024,1030.00,1035.80,996.65,999.20,1002.338940391404518497,1826448,24668,1830719953.00,1412856,77.36,39.15,-30.80
23-January-2024,1067.40,1067.40,1021.20,1029.45,1036.821572084682988229,800822,12872,830309525.00,366828,45.81,46.20,-37.95
20-January-2024,1007.00,1014.95,995.15,1008.30,1006.409812981629485442,1062409,21397,1069218843.00,60898,5.73,19.80,1.30
19-January-2024,992.50,1010.75,988.00,999.10,1002.153462355889987244,1143831,34010,1146294197.00,321240,28.08,22.75,6.60
18-January-2024,976.05,994.35,970.05,986.60,983.282830851257454257,373612,11616,367366265.00,184824,49.47,24.30,10.55
17-January-2024,985.30,1008.00,977.10,980.35,987.943898666531802626,1423656,33745,1406492259.00,910151,63.93,30.90,-4.95
16-January-2024,1004.85,1016.00,1004.85,1009.15,1010.576522027486766313,81421,3286,82282151.00,32610,40.05,11.15,4.30
15-January-2024,1003.65,1011.65,999.30,1009.60,1007.953735572841375828,1045944,27165,1054263162.00,309324,29.57,12.35,5.95
12-January-2024,994.00,1008.95,992.00,1003.85,1003.915965103239493766,667913,19275,670528524.00,115004,17.22,16.95,9.85
11-January-2024,996.00,998.00,987.00,990.95,991.895157783860912592,163293,7396,161969536.00,78266,47.93,11.00,-5.05
10-January-2024,975.30,994.65,975.30,993.05,988.334337679673905270,209755,5050,207308069.00,86561,41.27,19.35,17.75
9-January-2024,987.00,994.95,975.60,979.30,990.280143731941012873,554087,14541,548701354.00,399207,72.05,19.35,-7.70
8-January-2024,992.45,997.95,980.15,982.00,986.890073459133236844,915475,25748,903473190.00,355806,38.87,17.80,-10.45
5-January-2024,988.30,998.45,984.10,994.10,991.266359830700557392,864740,18773,857187672.00,406265,46.98,14.35,5.80
4-January-2024,984.50,989.00,981.90,986.45,985.663771474915847671,606638,14588,597941099.00,428999,70.72,7.10,1.95
3-January-2024,983.75,987.90,975.35,984.25,985.654714138696358383,1613020,10232,1589880767.00,1497254,92.82,12.55,0.50
2-January-2024,998.00,998.00,980.55,982.10,988.575641280991267146,617553,23811,610497853.00,278939,45.17,17.45,-15.90
1-January-2024,994.65,1005.10,991.60,1001.25,1000.745497806287084819,1047767,25273,1048548108.00,430882,41.12,13.50,6.60
29-December-2023,1005.05,1008.70,993.25,996.45,997.128632044803869010,876710,28146,874192643.00,117419,13.39,15.45,-8.60
28-December-2023,1009.65,1011.90,999.05,1005.40,1005.031263429591371314,379293,8018,381201323.00,162131,42.75,12.85,-4.25
27-December-2023,996.20,1004.00,992.05,1001.75,1000.034233174537826658,255045,8266,255053731.00,122230,47.92,11.95,5.55
26-December-2023,995.00,997.50,990.00,995.10,993.913408705950397289,145234,5578,144350020.00,52945,36.45,7.50,0.10
22-December-2023,1005.45,1009.30,991.80,993.85,997.328569244024064121,1072468,23951,1069602976.00,128530,11.98,17.50,-11.60
21-December-2023,992.55,1010.60,989.25,1003.65,997.820933510022927578,190164,6265,189749620.00,75060,39.47,21.35,11.10
20-December-2023,1021.95,1021.95,1002.70,1006.25,1011.455429843775456635,276205,6481,279369047.00,143408,51.92,19.25,-15.70
19-December-2023,1029.00,1029.00,1012.70,1014.85,1017.039450472602585215,221645,4431,225421709.00,143777,64.87,16.30,-14.15
18-December-2023,1031.75,1031.75,1018.00,1020.60,1021.057038912062756627,1164626,36129,1189149575.00,170206,14.61,13.75,-11.15
15-December-2023,1041.00,1042.65,1026.00,1037.10,1031.964819272373579084,508915,17516,525182376.00,230286,45.25,16.65,-3.90
14-December-2023,1023.65,1039.95,1021.55,1034.35,1033.927805295770729597,460103,13173,475713285.00,295593,64.24,18.40,10.70
13-December-2023,1015.20,1020.50,1009.45,1014.15,1014.425735312713386105,118623,3795,120334224.00,58140,49.01,11.05,-1.05
12-December-2023,1019.50,1021.00,1008.25,1015.20,1012.844418649179072327,167128,6927,169274662.00,96258,57.60,12.75,-4.30
11-December-2023,1006.70,1020.45,1005.00,1017.05,1017.085995564402820668,1355849,30192,1379015030.00,292271,21.56,15.45,10.35
8-December-2023,998.00,1012.65,993.20,1010.95,1006.119767512329984733,1039539,25646,1045900737.00,227138,21.85,19.45,12.95
7-December-2023,998.00,1002.00,988.20,999.35,997.614532415090414972,221147,4114,220619461.00,152741,69.07,13.80,1.35
6-December-2023,1013.20,1015.45,1001.05,1002.95,1004.917287117976116481,151234,5509,151977661.00,55924,36.98,14.40,-10.25
5-December-2023,999.25,1015.70,995.10,1013.15,1008.296188348136564420,948329,18438,956196516.00,671732,70.83,20.60,13.90
4-December-2023,960.15,995.00,960.15,990.60,981.156649626977593127,1566930,36101,1537403789.00,474017,30.25,34.85,30.45
1-December-2023,936.00,951.95,933.25,946.35,946.009840469956332067,1843916,49570,1744362681.00,910028,49.35,18.70,10.35
30-November-2023,940.95,941.05,928.65,935.20,931.884763730527990930,568059,17869,529365527.00,411275,72.40,12.40,-5.75
29-November-2023,928.55,941.15,926.15,939.35,932.766807800191715214,282711,9378,263703437.00,160150,56.65,15.00,10.80
28-November-2023,927.55,931.45,921.65,926.05,923.596672913599941205,462627,8614,427280758.00,371771,80.36,9.80,-1.50
24-November-2023,922.25,930.60,920.35,929.15,925.094390032610315012,906155,20419,838278907.00,282428,31.17,10.25,6.90
23-November-2023,924.35,925.00,918.35,923.05,920.918045332260380424,253506,5684,233458250.00,133403,52.62,6.65,-1.30
22-November-2023,921.00,925.30,914.80,922.60,919.961372400735865956,186447,10245,171524038.00,88399,47.41,10.50,1.60
21-November-2023,923.50,927.75,922.00,926.30,924.665146127937712068,160031,6399,147975088.00,77264,48.28,5.75,2.80
20-November-2023,922.00,926.55,917.45,921.45,922.829972400864425755,307256,12161,283545046.00,93209,30.34,9.10,-0.55
17-November-2023,927.80,938.45,920.45,922.00,927.270931670605768820,445533,15166,413129800.00,82261,18.46,18.00,-5.80
16-November-2023,938.05,946.15,933.70,935.60,939.263799344481173819,713023,6929,669716692.00,620953,87.09,12.45,-2.45
15-November-2023,942.10,944.00,938.60,940.60,940.638533642182219699,583241,8704,548618959.00,468868,80.39,5.40,-1.50
13-November-2023,943.00,943.00,931.90,934.55,933.746011123116593860,1055999,19460,986034854.00,642141,60.81,11.10,-8.45
12-November-2023,944.95,944.95,940.00,942.20,941.922734122022378250,31191,1792,29379512.00,18969,60.82,4.95,-2.75
10-November-2023,935.95,941.50,932.30,938.35,937.426736808698902954,743634,26273,697102394.00,316444,42.55,9.20,2.40
9-November-2023,935.80,942.50,933.00,937.45,937.704614512650156650,254068,6214,238240736.00,170585,67.14,9.50,1.65
8-November-2023,948.40,948.95,934.00,934.65,936.996653603980450002,408798,12355,383042358.00,267015,65.32,14.95,-13.75
7-November-2023,944.35,950.80,930.70,948.35,936.952489706639217704,310880,11852,291279790.00,226554,72.88,20.10,4.00
6-November-2023,941.95,948.00,937.25,945.25,941.585820567115188477,193153,6448,181870126.00,139772,72.36,10.75,3.30
3-November-2023,927.35,934.75,926.35,933.45,931.850387766413198498,727113,15620,677560531.00,165760,22.80,8.40,6.10
2-November-2023,919.25,924.70,913.00,919.25,919.596266324294180964,154218,6856,141818297.00,62756,40.69,11.70,0.00
1-November-2023,915.90,917.75,909.60,914.40,913.208379690134139172,205831,8276,187966594.00,114005,55.39,8.15,-1.50
31-October-2023,927.95,930.05,914.25,915.40,921.731192330428971650,233442,6016,215170773.00,128467,55.03,15.80,-12.55
30-October-2023,912.00,926.40,908.40,924.70,918.280903156416652973,267772,5946,245889914.00,136035,50.80,18.00,12.70
27-October-2023,924.50,924.50,911.25,912.60,913.932310461210306672,1002341,29200,916071826.00,282572,28.19,13.25,-11.90
26-October-2023,915.90,916.45,898.85,909.15,902.101789704825013116,771915,11839,696345903.00,628177,81.38,17.60,-6.75
25-October-2023,927.00,934.35,911.45,916.05,923.680904471585993444,246199,8079,227409315.00,133665,54.29,22.90,-10.95
23-October-2023,944.70,944.80,925.60,929.75,938.922716373267384638,239378,12918,224757442.00,95338,39.83,19.20,-14.95
20-October-2023,933.95,939.80,930.50,932.45,934.428895779325302021,590190,21495,551490590.00,219390,37.17,9.30,-1.50
19-October-2023,937.35,944.75,934.00,935.05,939.112368883135681516,1235253,7090,1160041371.00,1180487,95.57,10.75,-2.30
18-October-2023,953.05,953.05,939.25,943.50,943.850719626645773364,293555,11183,277072098.00,168982,57.56,13.80,-9.55
17-October-2023,953.40,960.75,951.75,954.95,955.625923842122782263,339479,4078,324414933.00,290559,85.59,9.00,1.55
16-October-2023,946.25,954.65,946.00,951.05,951.349324482707183497,187708,9062,178575879.00,95358,50.80,8.65,4.80
13-October-2023,950.00,957.00,944.50,951.75,949.981548482077134125,672465,26041,638829342.00,220918,32.85,12.50,1.75
12-October-2023,954.45,959.85,949.65,954.35,954.922963608760352939,133054,2928,127056320.00,82737,62.18,10.20,-0.10
11-October-2023,953.25,962.00,950.80,952.65,954.098704423801637022,2333016,7989,2225927543.00,2277847,97.64,11.20,-0.60
10-October-2023,938.45,957.40,938.45,950.95,951.422685013015991074,107560,3503,102335024.00,61440,57.12,18.95,12.50
9-October-2023,934.60,941.95,934.60,937.65,938.577470831371317951,191130,7471,179390312.00,130491,68.27,7.35,3.05
6-October-2023,945.00,946.40,938.00,945.25,943.644910628379065220,423009,18263,399170290.00,82353,19.47,8.40,0.25
5-October-2023,935.00,944.00,934.60,940.85,939.989729024113841431,139422,6195,131055248.00,44888,32.20,9.40,5.85
4-October-2023,935.90,935.90,925.00,930.70,928.350359988353317980,302232,16745,280577186.00,123987,41.02,10.90,-5.20
3-October-2023,953.00,953.00,939.00,940.35,943.022374141876430205,174800,10108,164840311.00,81611,46.69,14.00,-12.65
29-September-2023,945.75,956.00,944.00,952.05,951.868980826833310526,263076,10816,250413884.00,137061,52.10,12.00,6.30
28-September-2023,947.95,947.95,934.90,942.70,940.226079384366140137,246900,12127,232141819.00,104987,42.52,13.05,-5.25
27-September-2023,947.95,947.95,934.60,943.15,940.646181701194831623,133659,6013,125725828.00,53052,39.69,13.35,-4.80
26-September-2023,959.70,959.70,947.05,948.55,952.172004739510617973,217744,8311,207329741.00,109940,50.49,12.65,-11.15
25-September-2023,959.95,961.00,941.50,956.45,950.705446146365183564,197424,9251,187692072.00,70807,35.87,19.50,-3.50
22-September-2023,956.55,960.70,947.75,950.30,953.694396627558395054,289879,17861,276455978.00,123491,42.60,12.95,-6.25
21-September-2023,981.35,989.00,957.90,959.35,967.770519716292863344,266049,8747,257474379.00,114322,42.97,31.10,-22.00
20-September-2023,982.00,996.00,980.65,987.05,988.043836212628601133,330868,10106,326912088.00,180761,54.63,15.35,5.05
18-September-2023,990.65,996.00,987.40,990.45,992.098170118953953057,128369,4048,127354650.00,59846,46.62,8.60,-0.20
15-September-2023,991.00,997.40,988.60,992.35,992.444802546237479438,149554,3808,148424090.00,61903,41.39,8.80,1.35
14-September-2023,991.50,992.55,982.45,987.30,987.305220197589018437,111241,3222,109828820.00,39310,35.34,10.10,-4.20
13-September-2023,990.00,994.75,980.80,989.75,988.837731811697574893,330872,10091,327178718.00,117403,35.48,13.95,-0.25
12-September-2023,988.80,995.05,982.60,990.90,989.017886358418793607,688234,17757,680675736.00,334806,48.65,12.45,2.10
11-September-2023,974.00,981.50,969.50,978.35,974.229884051463341311,262789,8977,256016897.00,157173,59.81,12.00,4.35
8-September-2023,967.00,975.00,961.40,970.55,969.032663856750869848,353510,13183,342562737.00,66828,18.90,13.60,3.55
7-September-2023,958.60,969.00,955.00,965.45,961.342844754609460491,193732,7826,186242872.00,87697,45.27,14.00,6.85
6-September-2023,960.00,968.75,950.75,957.60,957.831694347442472102,295813,12339,283339067.00,116337,39.33,18.00,-2.40
5-September-2023,964.00,970.00,962.50,968.55,965.693379323793969236,82046,2957,79231279.00,29219,35.61,7.50,4.55
4-September-2023,969.70,969.70,960.65,966.90,964.441697152252665724,224423,8001,216442899.00,90806,40.46,9.05,-2.80
1-September-2023,958.00,972.80,953.15,969.05,966.458557955649488871,727703,17522,703294792.00,77627,10.67,19.65,11.05
31-August-2023,959.15,966.00,953.85,958.20,961.178934412542238683,532983,10673,512292032.00,74630,14.00,12.15,-0.95
30-August-2023,968.35,975.65,955.00,958.40,965.781225281490091961,290774,9787,280824070.00,83998,28.89,20.65,-9.95
29-August-2023,972.20,977.10,965.70,967.80,971.501396020420942516,135743,4858,131874514.00,57914,42.66,11.40,-4.40
28-August-2023,970.45,974.85,965.05,970.85,969.454815012042068573,165254,5967,160206286.00,71658,43.36,9.80,0.40
25-August-2023,964.40,972.80,960.30,970.45,969.137162918965794682,1261529,33757,1222594636.00,185438,14.70,12.50,6.05
24-August-2023,970.40,982.45,966.80,968.95,974.174055606642901891,272953,5841,265903731.00,102476,37.54,15.65,-1.45
23-August-2023,952.10,968.00,949.80,966.25,962.276083059056487650,448452,12231,431534634.00,135931,30.31,18.20,14.15
22-August-2023,955.10,956.65,949.35,952.10,953.433746555367199865,124469,3951,118672945.00,38109,30.62,7.30,-3.00
21-August-2023,946.55,959.25,946.55,954.70,954.892102909389053144,160996,6601,153733809.00,85488,53.10,12.70,8.15
18-August-2023,949.80,954.90,946.35,950.95,951.088847969201831717,1137730,24689,1082082315.00,237193,20.85,8.55,1.15
17-August-2023,956.15,956.95,946.60,951.10,950.636995314053107398,211270,4734,200841078.00,76974,36.43,10.35,-5.05
16-August-2023,954.15,959.85,946.75,956.00,953.864286614209302591,87309,3016,83280937.00,27821,31.86,13.10,1.85
14-August-2023,950.00,962.50,946.45,959.05,954.492894219512733859,226365,6418,216063784.00,114339,50.51,16.05,9.05
11-August-2023,964.10,964.10,950.00,952.40,956.034420816848964393,412512,14647,394375671.00,245587,59.53,14.10,-11.70
10-August-2023,972.95,972.95,959.50,964.20,964.307025263526391536,411344,9732,396661909.00,214532,52.15,13.45,-8.75
9-August-2023,974.80,975.50,964.00,972.60,969.049234815004200299,328548,9875,318379188.00,176518,53.73,11.50,-2.20
8-August-2023,975.70,986.50,972.50,980.50,979.859742726479771095,490684,12007,480801498.00,293628,59.84,14.00,4.80
7-August-2023,970.50,981.55,968.30,975.70,976.340026953408292741,350234,10039,341947473.00,194426,55.51,13.25,5.20
4-August-2023,970.00,976.25,961.25,970.75,970.451391594370908123,631434,14011,612776004.00,107259,16.99,15.00,0.75
3-August-2023,978.05,983.10,960.25,965.50,970.937959249392546620,409908,18754,397995237.00,160446,39.14,22.85,-12.55
2-August-2023,982.05,994.00,977.75,987.60,985.242411147143308482,275371,11502,271307188.00,148715,54.01,16.25,5.55
1-August-2023,999.05,1003.50,990.75,995.10,997.013602966265553558,219805,6045,219148575.00,120434,54.79,12.75,-3.95
31-July-2023,995.35,999.40,988.50,998.05,994.748082705496807324,118396,4423,117774194.00,38392,32.43,10.90,2.70
28-July-2023,990.00,998.25,977.05,995.35,987.973016491323800527,634091,14899,626464798.00,97948,15.45,21.20,5.35
27-July-2023,1000.00,1005.50,987.25,990.60,995.459007592141542026,329683,10069,328185912.00,116165,35.24,18.25,-9.40
26-July-2023,992.95,997.80,990.20,996.55,993.883737419945105215,131160,7227,130357791.00,60107,45.83,7.60,3.60
25-July-2023,1000.00,1000.00,988.60,993.10,992.287939604078774318,234188,9646,232381928.00,95812,40.91,11.40,-6.90
24-July-2023,1008.00,1008.70,990.20,991.85,998.010928873273642795,308815,9629,308200745.00,102058,33.05,18.50,-16.15
21-July-2023,993.80,1001.50,989.00,996.70,995.369456187571918889,804726,17025,800999681.00,93038,11.56,12.50,2.90
20-July-2023,974.00,997.95,972.20,995.45,984.861256897831628018,385266,14558,379433557.00,284852,73.94,25.75,21.45
19-July-2023,978.05,979.75,967.40,973.65,971.130937381665461805,290490,10482,282103826.00,177969,61.27,12.35,-4.40
18-July-2023,975.00,987.65,970.70,975.55,979.288129398258971547,388506,14860,380459314.00,165882,42.70,16.95,0.55
17-July-2023,963.00,973.50,953.05,969.15,959.110379108893513527,319064,10707,306017594.00,237969,74.58,20.45,6.15
14-July-2023,959.70,964.95,951.40,961.60,959.693087119149998241,596987,17120,572924297.00,337756,56.58,13.55,1.90
13-July-2023,947.00,959.00,942.15,956.15,952.820824372933849193,205999,6309,196280137.00,137760,66.87,16.85,9.15
12-July-2023,947.45,951.20,941.30,943.65,944.932500776140927162,199706,3611,188708690.00,144366,72.29,9.90,-3.80
11-July-2023,948.25,952.20,942.05,944.90,949.348049549334598359,356251,11026,338206192.00,300859,84.45,10.15,-3.35
10-July-2023,946.40,952.90,941.00,948.20,948.529673227928937333,216879,10248,205716167.00,162051,74.72,11.90,1.80
7-July-2023,950.00,955.00,943.55,947.15,949.747972688125753833,785153,20111,745697470.00,345061,43.95,11.45,-2.85
6-July-2023,957.00,963.90,954.85,959.40,959.511645137783495291,245639,8274,235693481.00,171887,69.98,9.05,2.40
5-July-2023,943.00,964.65,942.00,958.15,958.448191794211075815,180068,6272,172585849.00,101034,56.11,22.65,15.15
4-July-2023,945.25,951.00,942.05,943.60,945.299791838720260654,176786,7130,167115769.00,102249,57.84,8.95,-1.65
3-July-2023,935.90,945.80,935.70,942.00,942.877592993726926580,310693,15499,292945468.00,238483,76.76,10.10,6.10
30-June-2023,940.05,941.95,930.40,934.35,933.720343527902244409,399036,15090,372588031.00,243023,60.90,11.55,-5.70
28-June-2023,943.00,943.70,934.50,937.45,938.990685004571776897,209984,9899,197173020.00,111463,53.08,9.20,-5.55
27-June-2023,930.00,939.50,922.20,936.90,929.464695208966050146,464597,10195,431826509.00,416079,89.56,17.30,6.90
26-June-2023,926.20,931.75,923.25,927.45,926.092753413072369215,206925,6576,191631743.00,139154,67.25,8.50,1.25
23-June-2023,924.50,931.80,918.95,923.80,924.103001736265693170,179696,9916,166057613.00,61667,34.32,12.85,-0.70
22-June-2023,924.65,935.45,921.70,925.80,930.806668507948198612,325860,9831,303312661.00,135195,41.49,13.75,1.15
21-June-2023,927.55,928.80,920.20,924.70,923.703075608134691828,73709,4258,68085230.00,37983,51.53,8.60,-2.85
20-June-2023,922.60,928.50,915.00,925.25,917.179260871043416176,294130,16529,269769936.00,247421,84.12,13.50,2.65
19-June-2023,933.65,933.65,919.00,922.85,923.624330486532441936,258770,17526,239006268.00,181290,70.06,14.65,-10.80
16-June-2023,928.35,937.60,927.20,934.45,931.374789043229910424,84733,4653,78918180.00,30924,36.50,10.40,6.10
15-June-2023,936.30,942.40,924.40,926.05,932.907777598212466360,142319,5193,132770502.00,67353,47.33,18.00,-10.25
14-June-2023,945.10,946.65,936.30,939.75,938.620504704123801987,272952,6752,256198344.00,200599,73.49,10.35,-5.35
13-June-2023,934.70,946.20,934.50,944.10,938.972416284530628179,171623,4044,161149263.00,123317,71.85,11.70,9.40
12-June-2023,936.60,943.15,933.00,935.85,938.091015731709276727,62231,3933,58378342.00,23497,37.76,10.15,-0.75
9-June-2023,942.65,944.00,936.40,937.85,939.115033155768595601,118079,2987,110889764.00,67955,57.55,7.60,-4.80
8-June-2023,937.95,950.40,935.25,937.30,944.088822125353657300,108509,3377,102442134.00,42611,39.27,15.15,-0.65
7-June-2023,943.55,945.55,933.65,939.95,937.817692238832691791,279275,8789,261909036.00,192504,68.93,11.90,-3.60
6-June-2023,945.05,946.75,938.30,942.25,941.498746354580918834,132015,6261,124291957.00,81530,61.76,8.45,-2.80
5-June-2023,940.30,951.65,940.30,947.25,948.335948944481666117,88061,3579,83511412.00,51787,58.81,11.35,6.95
2-June-2023,942.80,944.65,935.05,937.05,939.516978275497452657,83224,4069,78190361.00,37196,44.69,9.60,-5.75
1-June-2023,952.35,954.00,932.80,936.05,944.424213051590859524,123801,3682,116920662.00,46947,37.92,21.20,-16.30
31-May-2023,950.20,951.60,940.45,948.45,945.906757163770339083,142767,6914,135044270.00,76423,53.53,11.15,-1.75
30-May-2023,946.70,952.50,944.70,950.20,948.684857146783569475,72767,2882,69032951.00,46010,63.23,7.80,3.50
29-May-2023,952.30,957.75,946.95,947.85,952.264935215513493144,137996,3677,131408752.00,90726,65.75,10.80,-4.45
26-May-2023,940.00,952.30,935.60,950.55,945.335727737119272883,88679,2603,83831427.00,47002,53.00,16.70,10.55
25-May-2023,936.15,941.20,933.45,939.80,937.299428983320005856,88789,2768,83221879.00,24874,28.01,7.75,3.65
24-May-2023,946.10,953.75,938.60,940.40,947.073870596882715467,106118,2638,100501585.00,51391,48.43,15.15,-5.70
23-May-2023,955.20,958.00,948.55,952.80,955.282165347806272527,386192,8084,368922330.00,324999,84.15,9.45,-2.40
22-May-2023,950.20,954.10,946.05,950.50,949.980136989062644880,248049,7669,235641623.00,147945,59.64,8.05,0.30
19-May-2023,950.55,956.00,941.65,954.60,950.178930558236667076,113966,3551,108288092.00,61516,53.98,14.35,4.05
18-May-2023,949.90,952.00,942.05,946.05,947.447939400653630975,361060,8623,342085553.00,291145,80.64,9.95,-3.85
17-May-2023,945.10,947.80,935.95,939.40,942.720649047210905120,425855,11908,401462302.00,263492,61.87,11.85,-5.70
16-May-2023,949.10,952.00,943.40,946.65,948.698857541300150182,149152,8259,141500332.00,80511,53.98,8.60,-2.45
15-May-2023,943.75,949.00,937.70,944.10,944.534445783132530120,166000,4086,156792718.00,122974,74.08,11.30,0.35
12-May-2023,939.40,947.65,935.15,943.75,940.564266021894879596,224162,7228,210838767.00,165773,73.95,12.50,4.35
11-May-2023,939.80,943.80,934.40,939.40,940.779317855911128859,275455,8202,259142367.00,193551,70.27,9.40,-0.40
10-May-2023,934.45,941.00,928.00,936.20,934.095422278215027869,215107,6458,200930464.00,139516,64.86,13.00,1.75
9-May-2023,942.00,944.80,931.95,934.45,939.749337269550548258,232372,8509,218371433.00,139421,60.00,12.85,-7.55
8-May-2023,924.40,941.60,924.40,938.20,938.197796870489567196,453809,10009,425762604.00,344017,75.81,17.20,13.80
5-May-2023,925.30,942.40,924.50,926.95,934.666396773741494480,192669,5237,180081240.00,84288,43.75,17.90,1.65
4-May-2023,922.00,923.40,912.05,921.25,917.086495849446554938,439339,10500,402911864.00,151148,34.40,11.35,-0.75
3-May-2023,922.15,924.05,911.55,923.05,919.266411853763867861,282037,4075,259267141.00,165205,58.58,12.50,0.90
2-May-2023,924.70,925.65,918.95,921.70,922.441457718393400490,285597,8564,263446513.00,197869,69.28,6.70,-3.00
28-April-2023,917.60,920.00,910.40,917.70,914.955133803399553222,217558,7539,199055809.00,100116,46.02,9.60,0.10
27-April-2023,912.80,919.75,909.80,918.50,915.612108028167803066,116303,4662,106488435.00,41849,35.98,9.95,5.70
26-April-2023,908.40,916.35,906.15,914.85,911.710528588363676330,127377,4248,116130952.00,52324,41.08,10.20,6.45
25-April-2023,907.00,915.90,903.30,913.10,910.239808914502356833,236334,6278,215120615.00,101310,42.87,12.60,6.10
24-April-2023,905.00,906.75,895.00,904.65,901.427278074242348475,419949,10353,378553484.00,131592,31.34,11.75,-0.35
21-April-2023,893.30,900.85,881.65,884.20,891.576174112256586483,142299,5120,126870398.00,37727,26.51,19.20,-9.10
20-April-2023,891.20,899.45,889.10,894.30,893.566538694685795110,148470,3996,132667824.00,56757,38.23,10.35,3.10
19-April-2023,897.45,897.45,887.05,891.75,891.724760715039763530,113672,3719,101364137.00,49846,43.85,10.40,-5.70
18-April-2023,903.30,906.95,894.10,896.45,899.018361977806372705,313964,7713,282259401.00,181067,57.67,12.85,-6.85
17-April-2023,912.00,916.00,893.20,901.45,901.500765030842822400,310445,13626,279866405.00,138267,44.54,22.80,-10.55
13-April-2023,890.10,901.45,887.45,899.25,893.792252204336372173,240662,6985,215101831.00,102413,42.55,14.00,9.15
12-April-2023,881.55,891.65,880.60,889.95,886.174553948876642928,299237,10621,265176215.00,173775,58.07,11.05,8.40
11-April-2023,869.20,885.00,865.40,882.60,878.554292818091282933,295214,5218,259361527.00,159430,54.00,19.60,13.40
10-April-2023,877.35,882.65,864.45,868.30,872.537000779363962970,157821,4802,137704662.00,52832,33.48,18.20,-9.05
6-April-2023,882.90,889.95,872.85,874.65,879.963345832074378241,201887,5829,177653160.00,57412,28.44,17.10,-8.25
5-April-2023,882.10,887.50,874.05,884.40,881.224069973238485281,233918,10127,206134172.00,110305,47.16,13.45,2.30
3-April-2023,877.60,886.25,869.00,884.25,877.442666449719324375,159793,5393,140209196.00,54891,34.35,17.25,6.65
31-March-2023,855.05,880.90,855.05,877.20,874.444039749479340731,529617,16828,463120429.00,322583,60.91,25.85,22.15
29-March-2023,856.00,861.85,848.05,851.00,855.250199421859563101,273290,12534,233731327.00,166158,60.80,13.80,-5.00
28-March-2023,852.35,858.50,848.50,855.15,853.874862987488893068,154183,4719,131652988.00,74685,48.44,10.00,2.80
27-March-2023,853.50,855.70,844.25,848.15,849.624027054592302324,204919,6600,174104106.00,109261,53.32,11.45,-5.35
24-March-2023,846.35,859.70,846.35,852.05,853.975273611674098094,165289,7024,141152719.00,88331,53.44,13.35,5.70
23-March-2023,857.00,867.25,853.15,855.90,861.308067838322232030,149532,5937,128793118.00,76793,51.36,14.10,-1.10
22-March-2023,855.00,862.00,851.30,859.90,855.891715352787118969,129058,4767,110459673.00,57699,44.71,10.70,4.90
21-March-2023,844.00,854.00,839.05,852.35,846.511181446523107066,212316,8957,179727868.00,122157,57.54,14.95,8.35
20-March-2023,835.15,837.80,824.95,836.50,831.375754575981676662,206076,15549,171326590.00,108577,52.69,12.85,1.35
17-March-2023,830.00,838.50,818.75,836.45,827.976998417095370003,101080,4378,83691915.00,36028,35.64,19.75,6.45
16-March-2023,825.10,831.15,810.50,823.55,819.911948444093530437,187447,10861,153690035.00,82659,44.10,20.65,-1.55
15-March-2023,839.60,843.50,822.00,825.15,833.110788132032837888,176138,9998,146742468.00,67087,38.09,21.50,-14.45
14-March-2023,826.90,834.25,818.50,830.65,826.091334016822656568,181422,5184,149871142.00,44665,24.62,15.75,3.75
13-March-2023,840.00,855.00,823.80,827.45,842.205976546437393635,333169,17723,280596923.00,134252,40.30,31.20,-12.55
10-March-2023,845.90,845.90,836.30,842.80,841.671949295154415966,190751,10768,160549766.00,85178,44.65,9.60,-3.10
9-March-2023,869.70,869.70,854.15,856.05,862.242945840784091949,251093,8390,216503168.00,143919,57.32,15.55,-13.65
8-March-2023,865.65,874.00,861.40,872.25,866.953035286905056650,169638,7704,147068179.00,78659,46.37,12.60,6.60
6-March-2023,873.80,876.50,865.60,867.95,871.256330261916854095,165396,7772,144102312.00,76949,46.52,10.90,-5.85
3-March-2023,855.05,873.00,849.85,868.80,865.532333820121452696,177353,5219,153504756.00,73785,41.60,23.15,13.75
2-March-2023,854.30,861.85,851.00,853.95,857.834904716372773565,89942,3357,77155387.00,38971,43.33,10.85,-0.35
1-March-2023,861.55,861.90,852.00,856.05,857.317702619398384686,95709,3624,82053020.00,31041,32.43,9.90,-5.50
28-February-2023,856.30,857.85,850.05,854.65,853.431154607653943510,159604,7878,136211026.00,66312,41.55,7.80,-1.65
27-February-2023,834.00,858.45,834.00,856.40,847.908537067805997309,126390,6235,107167160.00,39970,31.62,24.45,22.40
24-February-2023,844.00,845.40,836.00,839.65,840.367233910325540587,109418,5910,91951302.00,37324,34.11,9.40,-4.35
23-February-2023,834.00,844.00,833.55,840.10,838.869863501272445765,112382,5097,94273873.00,31230,27.79,10.45,6.10
22-February-2023,847.05,853.30,835.45,838.35,840.773837938762741209,604142,4663,507946788.00,531542,87.98,17.85,-8.70
21-February-2023,854.00,859.45,846.70,854.05,853.478582226541410214,185220,7060,158081303.00,49869,26.92,12.75,0.05
20-February-2023,863.40,866.40,850.45,852.10,859.515440447209449102,88728,5994,76263086.00,38208,43.06,15.95,-11.30
17-February-2023,869.15,869.15,855.35,862.25,861.373778618986770173,104083,4715,89654367.00,35299,33.91,13.80,-6.90
16-February-2023,875.10,877.80,865.00,869.15,872.441413308128291879,299411,11129,261218556.00,143490,47.92,12.80,-5.95
15-February-2023,865.60,873.00,860.40,870.80,865.491873061495502214,219886,10222,190309546.00,117053,53.23,12.60,5.20
14-February-2023,852.75,867.00,852.75,865.40,859.817284753020339501,261560,5367,224893809.00,99847,38.17,14.25,12.65
13-February-2023,852.35,859.05,849.20,850.30,854.050992122329521280,77561,2136,66241049.00,23155,29.85,9.85,-2.05
10-February-2023,859.00,861.90,852.20,853.75,856.210183684747890107,106759,6401,91408143.00,36260,33.96,9.70,-5.25
9-February-2023,858.00,864.65,853.65,860.95,858.801452153811089766,61426,2477,52752738.00,21627,35.21,11.00,2.95
8-February-2023,851.80,860.65,851.80,858.70,856.947673607146029208,78813,3187,67538617.00,36738,46.61,8.85,6.90
7-February-2023,853.65,855.85,847.40,851.70,851.836169298430085307,109369,3772,93164470.00,48816,44.63,8.45,-1.95
6-February-2023,863.50,867.30,850.00,853.55,856.299930404523705959,114950,4300,98431677.00,30086,26.17,17.30,-9.95
3-February-2023,870.00,872.70,852.10,863.75,863.295379049498437756,182430,5774,157490976.00,55887,30.63,20.60,-6.25
2-February-2023,838.95,860.60,826.60,857.45,843.686877971235054358,265462,14036,223966806.00,83175,31.33,34.00,18.50
1-February-2023,842.90,875.25,823.55,846.65,858.415769302048487730,8271907,19300,7100735411.00,7656111,92.56,51.70,3.75
31-January-2023,825.00,838.25,814.70,831.65,827.333303587725880706,246535,9527,203966616.00,142754,57.90,23.55,6.65
30-January-2023,801.55,826.00,796.10,823.20,811.962739171722631465,806638,33664,654960000.00,335308,41.57,29.90,21.65
27-January-2023,841.00,841.00,813.55,817.55,824.514582259148788972,612868,38952,505318603.00,324776,52.99,27.45,-23.45
25-January-2023,873.00,875.90,848.15,855.30,858.352825096188482440,191551,11561,164418342.00,81409,42.50,27.75,-17.70
24-January-2023,877.25,881.20,868.05,870.80,874.189568398766853619,107692,6509,94143223.00,50096,46.52,13.15,-6.45
23-January-2023,883.90,883.90,865.05,871.55,875.062471082920426311,490627,13993,429329275.00,148687,30.31,18.85,-12.35
20-January-2023,873.00,875.80,865.55,870.40,870.525350854885354876,169087,7818,147194520.00,67790,40.09,10.25,-2.60
19-January-2023,869.00,870.50,862.00,866.30,866.312676668841052402,68985,3296,59762580.00,28512,41.33,8.50,-2.70
18-January-2023,863.60,871.50,858.75,869.45,866.231276138128808698,167380,7357,144989791.00,71047,42.45,12.75,5.85
17-January-2023,865.55,867.70,858.00,865.50,863.207817337461300309,178296,8712,153906501.00,73189,41.05,9.70,-0.05
16-January-2023,876.10,877.60,861.75,865.55,869.092359170944058215,92346,5603,80257203.00,34547,37.41,15.85,-10.55
13-January-2023,864.25,874.95,858.30,873.25,866.329938879369869319,195515,8360,169380498.00,83217,42.56,16.65,9.00
12-January-2023,864.15,868.10,855.00,861.20,859.545093718067989446,262276,11404,225438049.00,96459,36.78,13.10,-2.95
11-January-2023,863.40,877.50,854.65,867.85,866.686475000893166786,2771039,7696,2401622023.00,2568515,92.69,22.85,4.45
10-January-2023,877.00,877.75,856.25,860.45,863.825545685503598606,339298,12019,293094280.00,229257,67.57,21.50,-16.55
9-January-2023,875.00,878.60,862.30,873.80,872.139908508744552715,692088,16416,603597565.00,478724,69.17,16.30,-1.20
6-January-2023,879.80,879.80,860.45,870.20,868.466719788417197884,117968,5930,102451282.00,52742,44.71,19.35,-9.60
5-January-2023,902.00,902.00,872.00,879.00,883.102626676602086438,161040,8482,142214847.00,67688,42.03,30.00,-23.00
4-January-2023,899.05,907.85,894.90,898.95,900.124683824751213928,216652,11134,195013813.00,119972,55.38,12.95,-0.10
3-January-2023,898.00,905.65,896.65,901.80,901.293730805180932033,119824,6155,107996620.00,57433,47.93,9.00,3.80
2-January-2023,892.30,906.60,892.30,903.00,902.385441838180151654,192016,7411,173272443.00,97956,51.01,14.30,10.70
30-December-2022,908.05,908.90,888.75,890.95,895.951761425462459194,147040,5357,131740747.00,77802,52.91,20.15,-17.10
29-December-2022,896.80,910.45,889.50,906.70,895.873445828325671385,185549,5283,166228422.00,137792,74.26,20.95,9.90
28-December-2022,899.00,904.10,896.10,898.70,899.682895600093119722,189004,7652,170043666.00,116167,61.46,8.00,-0.30
27-December-2022,901.95,902.85,888.00,900.65,894.424591156874621441,62738,3194,56114410.00,21596,34.42,14.85,-1.30
26-December-2022,877.30,897.00,875.30,892.40,886.884122014935968424,281736,10974,249867185.00,177988,63.18,21.70,15.10
23-December-2022,876.30,888.95,876.30,879.20,882.951531746394485463,240673,7295,212502594.00,134519,55.89,12.65,2.90
22-December-2022,898.30,903.00,886.05,890.40,890.417360997365884308,372421,16829,331610124.00,281443,75.57,16.95,-7.90
21-December-2022,922.95,922.95,887.00,892.35,901.813936460823198760,304568,9877,274663667.00,219049,71.92,35.95,-30.60
20-December-2022,909.75,912.50,895.80,909.45,899.225045618666770198,154542,3712,138968037.00,77949,50.44,16.70,-0.30
19-December-2022,907.20,910.40,901.00,906.20,906.447735791998087080,284382,12182,257777420.00,232640,81.81,9.40,-1.00
16-December-2022,909.65,913.55,899.45,902.25,905.454064031955456030,132184,5250,119686540.00,76898,58.17,14.10,-7.40
15-December-2022,916.80,919.75,904.45,908.60,914.815626893887999421,110553,4921,101135612.00,59887,54.17,15.30,-8.20
14-December-2022,935.50,935.70,919.95,921.00,927.177660545923026365,171929,4224,159408728.00,118372,68.85,15.75,-14.50
13-December-2022,931.00,935.90,927.70,931.80,930.511638113946868150,2681706,5801,2495358643.00,803110,29.95,8.20,0.80
12-December-2022,922.30,933.80,922.30,929.30,928.518321455500693211,328904,11177,305393390.00,264033,80.28,11.50,7.00
9-December-2022,932.00,934.75,924.80,930.65,929.667277872668207240,238872,5140,222071482.00,190646,79.81,9.95,-1.35
8-December-2022,926.60,933.75,923.95,931.55,927.392419935993554595,268098,12281,248632053.00,223484,83.36,9.80,4.95
7-December-2022,925.00,932.85,920.65,922.10,925.804342907293259374,145847,8676,135025786.00,78511,53.83,12.20,-2.90
6-December-2022,925.25,929.45,920.25,921.80,924.749733242797555533,154635,4498,142998675.00,53557,34.63,9.20,-3.45
5-December-2022,936.55,937.35,928.50,933.55,932.560031091893300814,214847,9070,200357725.00,105176,48.95,8.85,-3.00
2-December-2022,929.05,934.50,926.35,930.80,929.368777274694932902,170946,3820,158871875.00,98196,57.44,8.15,1.75
1-December-2022,953.00,957.00,936.35,939.95,944.148015101091914680,295078,11852,278597308.00,183391,62.15,20.65,-13.05
30-November-2022,947.90,958.00,941.00,953.40,948.202796419904748648,330494,9130,313375335.00,223323,67.57,17.00,5.50
29-November-2022,933.70,949.90,933.70,946.95,946.981737533800815802,698208,7224,661190225.00,616054,88.23,16.20,13.25
28-November-2022,925.00,943.60,925.00,936.45,936.912872814387770050,232086,5473,217444361.00,190611,82.13,18.60,11.45
25-November-2022,938.50,942.80,927.20,929.75,930.933193509576301499,246024,5788,229031908.00,190799,77.55,15.60,-8.75
24-November-2022,927.90,940.00,927.90,938.60,934.738208338682685442,443979,7090,415004135.00,399406,89.96,12.10,10.70
23-November-2022,927.80,931.60,924.00,927.00,927.190180765794879606,242911,4178,225224694.00,197402,81.27,7.60,-0.80
22-November-2022,922.05,926.50,920.75,922.85,923.624190856798356697,321791,5219,297213952.00,281216,87.39,5.75,0.80
21-November-2022,912.35,924.70,912.35,921.20,920.847382422224027292,295464,8493,272077251.00,239770,81.15,12.35,8.85
18-November-2022,919.00,921.90,910.60,920.60,913.471014208721215090,408200,7823,372878868.00,369254,90.46,11.30,1.60
17-November-2022,913.00,922.00,910.80,919.40,919.142779495512574571,531708,11390,488715569.00,447884,84.23,11.20,6.40
16-November-2022,909.35,918.00,908.30,913.65,913.188520131368048707,343767,10395,313924078.00,231590,67.37,9.70,4.30
15-November-2022,904.80,913.50,898.50,912.10,899.237400490730643402,733600,8158,659680557.00,627853,85.59,15.00,7.30
14-November-2022,903.20,905.95,891.55,894.90,895.378065231226457897,328401,14459,294043052.00,179067,54.53,14.40,-8.30
11-November-2022,922.20,928.00,903.65,906.85,910.961077034394635501,454693,9367,414207625.00,307830,67.70,24.35,-15.35
10-November-2022,908.70,912.55,904.30,910.65,907.995419898602460352,714613,13155,648865331.00,616838,86.32,8.25,1.95
9-November-2022,917.00,921.95,906.00,911.15,909.459087009275100391,393958,7874,358288683.00,297886,75.61,15.95,-5.85
7-November-2022,909.80,919.80,903.45,917.10,909.581577207369906543,506655,11055,460844054.00,370531,73.13,16.35,7.30
4-November-2022,906.40,913.15,900.20,905.65,906.468578126596851868,479459,5694,434614518.00,339309,70.77,12.95,-0.75
3-November-2022,900.00,913.30,897.20,908.35,904.599187130782705424,7590889,6590,6866712019.00,7495026,98.74,16.10,8.35
2-November-2022,915.00,918.05,902.40,904.45,907.157879461799872435,296321,6659,268809930.00,178832,60.35,15.65,-10.55
1-November-2022,920.20,920.20,899.55,908.70,905.716105950288727090,302708,6250,274167511.00,229218,75.72,20.65,-11.50
31-October-2022,913.90,916.80,904.50,908.55,908.705051547905055951,408746,9137,371429555.00,292302,71.51,12.30,-5.35
28-October-2022,918.20,927.55,901.00,907.90,912.072007722007722007,145040,4266,132286924.00,48261,33.27,26.55,-10.30
27-October-2022,925.05,933.55,920.10,924.20,925.340231124540836038,346826,6454,320932051.00,256746,74.03,13.45,-0.85
25-October-2022,938.90,942.70,922.75,924.65,932.520283614729492943,368105,7298,343265379.00,169428,46.03,19.95,-14.25
24-October-2022,924.00,932.90,917.75,925.90,924.412938781414614697,283427,14581,262003586.00,194145,68.50,15.15,1.90
21-October-2022,887.10,910.00,885.50,907.15,904.309481915933528836,404085,6768,365417897.00,246327,60.96,24.50,20.05
20-October-2022,891.00,892.90,880.25,888.25,882.843324846055221481,276885,4115,244446074.00,217329,78.49,12.65,-2.75
19-October-2022,896.75,900.05,885.90,891.70,891.213528113824849729,131430,3595,117132194.00,72423,55.10,14.15,-5.05
18-October-2022,893.20,900.40,890.95,896.75,894.926499496004989698,338297,8128,302750950.00,198600,58.71,9.45,3.55
17-October-2022,869.00,886.95,867.95,885.60,870.524841908828594363,6352189,5103,5529738325.00,6249148,98.38,19.00,16.60
14-October-2022,876.20,880.30,868.50,870.10,871.634398769691175859,529298,10311,461354344.00,401912,75.93,11.80,-6.10
13-October-2022,862.50,865.35,850.60,853.90,857.490961325966850828,90500,3632,77602932.00,41176,45.50,14.75,-8.60
12-October-2022,866.00,871.85,861.55,867.75,864.913960890621668544,262648,13540,227167922.00,196831,74.94,10.30,1.75
11-October-2022,884.00,884.00,865.60,869.50,877.429906380514701910,462831,9159,406101761.00,397212,85.82,18.40,-14.50
10-October-2022,869.10,889.65,869.10,881.50,882.149262680726032523,652092,12228,575242477.00,548131,84.06,20.55,12.40
7-October-2022,876.40,884.40,873.15,882.00,877.454049453121675107,117485,3509,103087689.00,64226,54.67,11.25,5.60
6-October-2022,870.00,891.50,870.00,885.35,883.572211923955683924,347955,11178,307443369.00,237511,68.26,21.50,15.35
4-October-2022,862.00,872.35,862.00,867.65,868.406651557388499573,479617,6845,416502593.00,392664,81.87,10.35,5.65
3-October-2022,860.00,860.50,846.05,848.05,851.947326059334487888,221153,10664,188410707.00,96202,43.50,14.45,-11.95
30-September-2022,841.25,867.00,837.25,862.80,856.542965097120668311,449132,15265,384700855.00,245524,54.67,29.75,21.55
29-September-2022,855.80,861.50,841.15,844.05,849.038768529076396807,130673,5109,110946443.00,44403,33.98,20.35,-11.75
28-September-2022,847.00,863.00,842.25,849.20,855.057979474413772919,621858,19660,531724645.00,361972,58.21,20.75,2.20
27-September-2022,862.85,874.95,848.50,852.85,858.530407544750701652,383737,12732,329449883.00,155240,40.45,26.45,-10.00
26-September-2022,869.00,877.65,859.25,861.10,866.793961742336943996,446917,21223,387384957.00,264809,59.25,18.40,-7.90
23-September-2022,900.00,904.60,878.65,882.75,887.812328107346540090,222159,8344,197235499.00,73161,32.93,25.95,-17.25
22-September-2022,904.55,911.95,895.20,902.85,903.339873007443044697,256078,11516,231325468.00,145827,56.95,16.75,-1.70
21-September-2022,908.30,917.00,905.70,915.35,912.569797813000690668,285231,8422,260293196.00,202246,70.91,11.30,7.05
20-September-2022,908.90,922.35,908.75,916.75,918.407715064164570838,248112,5979,227867975.00,162330,65.43,13.60,7.85
19-September-2022,907.00,912.65,895.20,898.45,908.714939887501986462,8406904,9830,7639479263.00,8307538,98.82,17.45,-8.55
16-September-2022,911.20,916.15,905.25,909.00,910.818835606857270750,607647,23420,553456333.00,475532,78.26,10.90,-2.20
15-September-2022,923.40,936.35,915.75,917.60,924.679940982516416835,288728,11612,266980990.00,132510,45.89,20.60,-5.80
14-September-2022,896.00,922.00,896.00,918.20,915.555951142430904522,407552,7959,373136659.00,289595,71.06,26.00,22.20
13-September-2022,913.00,913.00,905.50,909.25,908.663968204545870803,163797,3926,148836432.00,104694,63.92,7.50,-3.75
12-September-2022,901.55,908.95,901.55,907.05,905.374235400670125860,448274,11379,405855730.00,362175,80.79,7.40,5.50
9-September-2022,907.00,911.75,897.35,901.55,902.172298284740514524,564521,18067,509295208.00,391735,69.39,14.40,-5.45
8-September-2022,883.10,900.50,883.10,898.90,896.717071134886038507,630169,19906,565083300.00,405770,64.39,17.40,15.80
7-September-2022,880.50,882.00,872.40,876.40,876.429946115555847612,243484,7892,213396669.00,119392,49.03,9.60,-4.10
6-September-2022,882.50,889.85,878.20,883.90,886.016628478782275461,298524,6185,264497228.00,193783,64.91,11.65,1.40
5-September-2022,872.90,886.20,872.25,882.25,882.179274116974589842,211687,5480,186745884.00,134548,63.56,13.95,9.35
2-September-2022,874.45,881.30,867.00,872.25,871.328535852497924729,342124,9248,298102404.00,204389,59.74,14.30,-2.20
1-September-2022,865.00,885.75,865.00,874.45,873.843811001732804718,3867718,15169,3379781437.00,3684386,95.26,20.75,9.45
30-August-2022,859.50,890.50,858.90,887.60,871.817625941276049267,205572,7618,179221293.00,147793,71.89,31.60,28.10
29-August-2022,847.00,860.85,847.00,855.75,855.473596575429702182,321909,11214,275384650.00,201072,62.46,13.85,8.75
26-August-2022,874.40,877.45,867.35,870.90,871.888503421487130054,209558,6089,182711211.00,147553,70.41,10.10,-3.50
25-August-2022,874.70,881.00,867.00,871.40,876.783515487042428291,293342,6306,257197430.00,229771,78.33,14.00,-3.30
24-August-2022,856.00,875.00,855.90,872.55,868.101913743719848422,620407,12399,538576504.00,506086,81.57,19.10,16.55
23-August-2022,840.00,868.35,840.00,864.65,854.485772743571895631,331863,7600,283572212.00,210823,63.53,28.35,24.65
22-August-2022,862.20,866.40,849.40,852.15,855.165116305744173242,174368,5451,149113431.00,93553,53.65,17.00,-10.05
19-August-2022,883.70,886.55,864.40,870.35,873.061029887607802739,151434,6588,132211124.00,66570,43.96,22.15,-13.35
18-August-2022,880.20,887.25,875.10,885.00,879.916111416468748373,1575566,9989,1386365908.00,1459163,92.61,12.15,4.80
17-August-2022,884.55,885.60,878.15,883.20,881.116515554757851696,356579,10753,314187646.00,249419,69.95,7.45,-1.35
16-August-2022,878.55,884.50,876.50,879.65,879.574526342292440360,254192,9643,223580808.00,134319,52.84,8.00,1.10
12-August-2022,860.00,876.95,858.30,874.75,867.532541962580024207,274292,6410,237957236.00,184310,67.19,18.65,14.75
11-August-2022,854.20,866.15,854.20,859.30,864.604077617968308871,1379629,6823,1192832859.00,1098325,79.61,11.95,5.10
10-August-2022,840.00,853.00,840.00,848.50,848.670092619468559516,454764,9246,385944606.00,332963,73.22,13.00,8.50
8-August-2022,838.40,842.30,830.95,836.40,837.422213912908000311,320925,10613,268749724.00,177944,55.45,11.35,-2.00
5-August-2022,821.55,840.90,821.55,838.40,835.502000383683008074,286695,6576,239534246.00,135753,47.35,19.35,16.85
4-August-2022,822.80,830.00,808.50,819.85,818.518733949782669848,220402,6021,180403166.00,109561,49.71,21.50,-2.95
3-August-2022,816.50,827.90,811.50,824.70,817.720046248305557770,250820,6177,205100542.00,126311,50.36,16.40,8.20
2-August-2022,821.80,822.00,812.30,816.75,816.962968542312804607,112850,4063,92194271.00,43617,38.65,9.70,-5.05
1-August-2022,819.00,825.00,817.10,823.30,818.706217205085969446,7395011,4266,6054341482.00,7329074,99.11,7.90,4.30
